{
 "config": {
  "eff_min": 5.0,
  "eff_max": 130.0,
  "dhu_min": 0.1,
  "dhu_max": 50.0,
  "train_frac": 0.7,
  "val_frac": 0.15,
  "roll_window": 7
 },
 "seeds": [
  42,
  123,
  2024,
  7,
  99,
  11,
  256,
  1337,
  2718,
  31415,
  170,
  8,
  64,
  512,
  90210
 ],
 "n_test": 1194,
 "n_test_lines": 140,
 "n_test_dates": 13,
 "deep_models": {},
 "single_task_ablation": {},
 "references": {
  "Ridge": {
   "eff_mae": 6.631081194345575,
   "eff_rmse": 8.403289954158353,
   "eff_r2": 0.8367502917898698,
   "dhu_mae": 1.5943740366244548,
   "dhu_rmse": 2.005733188596718,
   "dhu_r2": 0.7400553746341731,
   "avg_r2": 0.7884028332120214
  },
  "XGBoost": {
   "eff_mae": 6.821815338006971,
   "eff_rmse": 8.586889512369115,
   "eff_r2": 0.8295388298837079,
   "dhu_mae": 1.5980959360683382,
   "dhu_rmse": 2.0048625164479636,
   "dhu_r2": 0.7402810052649793,
   "avg_r2": 0.7849099175743436
  },
  "LightGBM": {
   "eff_mae": 6.699110684521389,
   "eff_rmse": 8.459630662241327,
   "eff_r2": 0.8345539050558021,
   "dhu_mae": 1.5989565195520226,
   "dhu_rmse": 1.9921828833841722,
   "dhu_r2": 0.7435557713774879,
   "avg_r2": 0.7890548382166449
  },
  "CatBoost": {
   "eff_mae": 6.667018290577227,
   "eff_rmse": 8.45515343376487,
   "eff_r2": 0.8347289821910141,
   "dhu_mae": 1.5853117097210645,
   "dhu_rmse": 1.9809730079528205,
   "dhu_r2": 0.746433639660179,
   "avg_r2": 0.7905813109255966
  },
  "TrainingMean": {
   "eff_mae": 16.740587186877445,
   "eff_rmse": 20.80452039407252,
   "eff_r2": -0.0006198925543039469,
   "dhu_mae": 3.1269092303021604,
   "dhu_rmse": 3.938037270842829,
   "dhu_r2": -0.002061012098002024,
   "avg_r2": -0.0013404523261529855
  },
  "Persistence": {
   "eff_mae": 6.906298157453936,
   "eff_rmse": 8.79495836430257,
   "eff_r2": 0.8211778586128361,
   "dhu_mae": 1.6392629815745394,
   "dhu_rmse": 2.0765007690550217,
   "dhu_r2": 0.7213887085311053,
   "avg_r2": 0.7712832835719707
  },
  "RollingMean7": {
   "eff_mae": 8.54645250059823,
   "eff_rmse": 10.787679393316653,
   "eff_r2": 0.7309643840772,
   "dhu_mae": 2.0847439578846614,
   "dhu_rmse": 2.6160608158814895,
   "dhu_r2": 0.5577883370447738,
   "avg_r2": 0.6443763605609869
  }
 },
 "bootstrap_cluster": {
  "model_ci": {
   "Ridge": {
    "eff_r2": [
     0.8034891234757612,
     0.8609977376110339
    ],
    "dhu_r2": [
     0.6655244533498976,
     0.7895499199743671
    ],
    "avg_r2": [
     0.7457879195951,
     0.8173158658591406
    ]
   },
   "XGBoost": {
    "eff_r2": [
     0.7963714838736542,
     0.8539068944703818
    ],
    "dhu_r2": [
     0.6710435068118251,
     0.7869676841589652
    ],
    "avg_r2": [
     0.7440783399950451,
     0.8134451604231903
    ]
   },
   "LightGBM": {
    "eff_r2": [
     0.8011901490742669,
     0.8585086184127838
    ],
    "dhu_r2": [
     0.6746480393736638,
     0.7913340121544723
    ],
    "avg_r2": [
     0.7485313383418912,
     0.8175187138870849
    ]
   },
   "CatBoost": {
    "eff_r2": [
     0.8015072399958952,
     0.8585321214920171
    ],
    "dhu_r2": [
     0.6773819851010494,
     0.7932193328341934
    ],
    "avg_r2": [
     0.7497927780334266,
     0.8183696072926808
    ]
   },
   "TrainingMean": {
    "eff_r2": [
     -0.0368362219815741,
     -7.484562406734341e-06
    ],
    "dhu_r2": [
     -0.042985642412710856,
     -8.0880076358536e-06
    ],
    "avg_r2": [
     -0.029066698800902735,
     -0.00018648217705918846
    ]
   },
   "Persistence": {
    "eff_r2": [
     0.7822284239323793,
     0.8483548771413719
    ],
    "dhu_r2": [
     0.6405149519399514,
     0.7761419865616304
    ],
    "avg_r2": [
     0.7242421680897488,
     0.8019979703033007
    ]
   },
   "RollingMean7": {
    "eff_r2": [
     0.6736112648690633,
     0.7761276982798108
    ],
    "dhu_r2": [
     0.4345943707432287,
     0.641929579539654
    ],
    "avg_r2": [
     0.5737512544039546,
     0.6963041472043426
    ]
   }
  },
  "diffs": {
   "LightGBM-XGBoost_avg_r2": {
    "mean": 0.0041469839692264915,
    "ci": [
     0.0005519935836935108,
     0.007751565552042261
    ],
    "excl0": true
   },
   "CatBoost-XGBoost_avg_r2": {
    "mean": 0.0056627850752618844,
    "ci": [
     0.0016793799381309427,
     0.009400333898202717
    ],
    "excl0": true
   },
   "XGBoost-Persistence_avg_r2": {
    "mean": 0.014174104678470962,
    "ci": [
     0.006946755241803992,
     0.022846033448894687
    ],
    "excl0": true
   },
   "RollingMean7-Persistence_avg_r2": {
    "mean": -0.12867063143556146,
    "ci": [
     -0.1624255608289329,
     -0.09890131691683879
    ],
    "excl0": true
   },
   "XGBoost-RollingMean7_avg_r2": {
    "mean": 0.14284473611403242,
    "ci": [
     0.1123037621898193,
     0.17834848806557746
    ],
    "excl0": true
   },
   "LightGBM-XGBoost_eff_r2": {
    "mean": 0.005096748753225295,
    "ci": [
     0.0019136947706067664,
     0.008546158699984985
    ],
    "excl0": true
   },
   "CatBoost-XGBoost_eff_r2": {
    "mean": 0.005239473858092464,
    "ci": [
     0.0019230815441479976,
     0.008803078260449682
    ],
    "excl0": true
   },
   "XGBoost-Persistence_eff_r2": {
    "mean": 0.008546900998551703,
    "ci": [
     0.001092490084255271,
     0.01639981446311989
    ],
    "excl0": true
   },
   "RollingMean7-Persistence_eff_r2": {
    "mean": -0.09094837496146371,
    "ci": [
     -0.1204398452831339,
     -0.06373704890691723
    ],
    "excl0": true
   },
   "XGBoost-RollingMean7_eff_r2": {
    "mean": 0.09949527596001542,
    "ci": [
     0.07404488026761546,
     0.128584702437875
    ],
    "excl0": true
   },
   "LightGBM-XGBoost_dhu_r2": {
    "mean": 0.00319721918522769,
    "ci": [
     -0.003276599799704294,
     0.009268563612009117
    ],
    "excl0": false
   },
   "CatBoost-XGBoost_dhu_r2": {
    "mean": 0.006086096292431306,
    "ci": [
     -0.0010562901321999885,
     0.012424433478010255
    ],
    "excl0": false
   },
   "XGBoost-Persistence_dhu_r2": {
    "mean": 0.019801308358390224,
    "ci": [
     0.007944845615743601,
     0.034431259930086
    ],
    "excl0": true
   },
   "RollingMean7-Persistence_dhu_r2": {
    "mean": -0.16639288790965923,
    "ci": [
     -0.22622859720167587,
     -0.11608216505401914
    ],
    "excl0": true
   },
   "XGBoost-RollingMean7_dhu_r2": {
    "mean": 0.18619419626804945,
    "ci": [
     0.1339761496274433,
     0.24874270199363557
    ],
    "excl0": true
   }
  }
 },
 "bootstrap_iid": {
  "model_ci": {
   "Ridge": {
    "eff_r2": [
     0.8186405345804242,
     0.8515569336336568
    ],
    "dhu_r2": [
     0.7095229221691557,
     0.7671980386923485
    ],
    "avg_r2": [
     0.7698055538360355,
     0.8050519175626161
    ]
   },
   "XGBoost": {
    "eff_r2": [
     0.8125757398876473,
     0.8447383688743939
    ],
    "dhu_r2": [
     0.7123539372987491,
     0.7661004075264689
    ],
    "avg_r2": [
     0.7668533860591467,
     0.8008989636253594
    ]
   },
   "LightGBM": {
    "eff_r2": [
     0.817693385459668,
     0.8496789142513023
    ],
    "dhu_r2": [
     0.7143918567059426,
     0.7691701806763847
    ],
    "avg_r2": [
     0.7712544503728852,
     0.8050267239668827
    ]
   },
   "CatBoost": {
    "eff_r2": [
     0.817898740446066,
     0.849803780831479
    ],
    "dhu_r2": [
     0.7170874206515452,
     0.772632114519702
    ],
    "avg_r2": [
     0.7725061928188178,
     0.8066286335735815
    ]
   },
   "TrainingMean": {
    "eff_r2": [
     -0.0063736792604907055,
     -2.224414970219968e-06
    ],
    "dhu_r2": [
     -0.010484847815005471,
     -1.0491525844980032e-05
    ],
    "avg_r2": [
     -0.0065180221002615335,
     -7.192083511919911e-05
    ]
   },
   "Persistence": {
    "eff_r2": [
     0.7993571243894236,
     0.8391407419171074
    ],
    "dhu_r2": [
     0.685454836805345,
     0.7522113423791545
    ],
    "avg_r2": [
     0.74838286295107,
     0.7903731775388003
    ]
   },
   "RollingMean7": {
    "eff_r2": [
     0.702309794961747,
     0.7569319423880947
    ],