{
 "ridge": {
  "alpha": 100,
  "eff_mae": 11.575415157932724,
  "eff_rmse": 17.131318556881723,
  "eff_r2": 0.43700964921881036,
  "dhu_mae": 1.608304094222888,
  "dhu_rmse": 2.956103120691641,
  "dhu_r2": 0.7842801626633267,
  "avg_r2": 0.6106449059410686
 },
 "xgb_no_manpower": {
  "eff_mae": [
   11.560383796691895,
   0.10390308772459235
  ],
  "eff_rmse": [
   16.344159615188637,
   0.08661267861447146
  ],
  "eff_r2": [
   0.48754664659500124,
   0.005441899455420816
  ],
  "dhu_mae": [
   1.7886613130569458,
   0.04944820898723946
  ],
  "dhu_rmse": [
   3.0372591083849048,
   0.02819126877533251
  ],
  "dhu_r2": [
   0.7722572445869446,
   0.004238009359056223
  ],
  "avg_r2": [
   0.6299019455909729,
   0.002394878286305197
  ]
 },
 "xgb_lag_manpower": {
  "eff_mae": [
   11.553934097290039,
   0.14063776078937293
  ],
  "eff_rmse": [
   16.300828139685613,
   0.10712107022690676
  ],
  "eff_r2": [
   0.4902541160583496,
   0.0066994295004776366
  ],
  "dhu_mae": [
   1.75982768535614,
   0.043270781437079436
  ],
  "dhu_rmse": [
   3.00002972731072,
   0.053850261039591264
  ],
  "dhu_r2": [
   0.7777642130851745,
   0.007983578584297494
  ],
  "avg_r2": [
   0.634009164571762,
   0.0014492811222656416
  ]
 },
 "xgb_base": {
  "eff_mae": [
   11.527371406555176,
   0.1265081779602625
  ],
  "eff_rmse": [
   16.351232983120994,
   0.13856344817758975
  ],
  "eff_r2": [
   0.4870850324630737,
   0.0087025992158305
  ],
  "dhu_mae": [
   1.765052604675293,
   0.08696970127531907
  ],
  "dhu_rmse": [
   3.0239024482550114,
   0.0547998494650983
  ],
  "dhu_r2": [
   0.7742121338844299,
   0.008168074453343
  ],
  "avg_r2": [
   0.6306485831737518,
   0.004456128845381968
  ]
 },
 "relaxed_cleaning": {
  "n_records": 7702,
  "xgb": {
   "eff_mae": [
    12.370610427856445,
    0.12106567598556227
   ],
   "eff_rmse": [
    17.700381019289345,
    0.179357899163832
   ],
   "eff_r2": [
    0.4938310027122498,
    0.01028902706032689
   ],
   "dhu_mae": [
    1.9607541799545287,
    0.05180494673096874
   ],
   "dhu_rmse": [
    3.3299409105937,
    0.06599967594696773
   ],
   "dhu_r2": [
    0.7430314898490906,
    0.010209295750086486
   ],
   "avg_r2": [
    0.6184312462806701,
    0.008755249746209589
   ]
  },
  "persistence": {
   "eff_mae": 12.839662629757784,
   "eff_rmse": 20.940745635439203,
   "eff_r2": 0.2915993954177539,
   "dhu_mae": 1.837846020761246,
   "dhu_rmse": 3.753313703159551,
   "dhu_r2": 0.6736375891408992,
   "avg_r2": 0.48261849227932657
  }
 },
 "rolling_origin": [
  {
   "fold": 0,
   "test_start": "2025-12-14",
   "test_end": "2025-12-20",
   "n_test": 518,
   "xgb_avg_r2": 0.5639393329620361,
   "xgb_eff_r2": 0.626577615737915,
   "xgb_dhu_r2": 0.5013010501861572,
   "pers_avg_r2": 0.4357380991327793,
   "pers_eff_r2": 0.3275069079219708,
   "pers_dhu_r2": 0.5439692903435878
  },
  {
   "fold": 1,
   "test_start": "2025-12-20",
   "test_end": "2025-12-24",
   "n_test": 519,
   "xgb_avg_r2": 0.6189726293087006,
   "xgb_eff_r2": 0.5513623952865601,
   "xgb_dhu_r2": 0.6865828633308411,
   "pers_avg_r2": 0.6426886208943734,
   "pers_eff_r2": 0.4664081941590442,
   "pers_dhu_r2": 0.8189690476297027
  },
  {
   "fold": 2,
   "test_start": "2025-12-24",
   "test_end": "2025-12-28",
   "n_test": 518,
   "xgb_avg_r2": 0.678265780210495,
   "xgb_eff_r2": 0.6319469213485718,
   "xgb_dhu_r2": 0.7245846390724182,
   "pers_avg_r2": 0.5998608038382083,
   "pers_eff_r2": 0.43006353061612923,
   "pers_dhu_r2": 0.7696580770602874
  },
  {
   "fold": 3,
   "test_start": "2025-12-28",
   "test_end": "2026-01-03",
   "n_test": 518,
   "xgb_avg_r2": 0.6603790819644928,
   "xgb_eff_r2": 0.5276929140090942,
   "xgb_dhu_r2": 0.7930652499198914,
   "pers_avg_r2": 0.5627817260760314,
   "pers_eff_r2": 0.359551736025976,
   "pers_dhu_r2": 0.7660117161260868
  },
  {
   "fold": 4,
   "test_start": "2026-01-03",
   "test_end": "2026-01-07",
   "n_test": 519,
   "xgb_avg_r2": 0.6626244187355042,
   "xgb_eff_r2": 0.5182899236679077,
   "xgb_dhu_r2": 0.8069589138031006,
   "pers_avg_r2": 0.5425587952380633,
   "pers_eff_r2": 0.34648960965547726,
   "pers_dhu_r2": 0.7386279808206493
  }
 ],
 "per_factory": {
  "Factory C": {
   "n": 264,
   "xgb": {
    "eff_mae": 18.818776519081812,
    "eff_rmse": 24.137365290049804,
    "eff_r2": 0.2856914347651517,
    "dhu_mae": 1.1260794952421478,
    "dhu_rmse": 1.5149094782751191,
    "dhu_r2": -0.7950526748395359,
    "avg_r2": -0.2546806200371921
   },
   "tabt": {
    "eff_mae": 19.0233357004683,
    "eff_rmse": 25.117442137840158,
    "eff_r2": 0.22650599827314377,
    "dhu_mae": 0.9413014873782037,
    "dhu_rmse": 1.2403924679086866,
    "dhu_r2": -0.2034334360893464,
    "avg_r2": 0.011536281091898692
   },
   "persistence": {
    "eff_mae": 19.713863636363637,
    "eff_rmse": 28.147633734445332,
    "eff_r2": 0.028618307375920082,
    "dhu_mae": 0.579659090909091,
    "dhu_rmse": 1.0326332550300417,
    "dhu_r2": 0.16594239705311897,
    "avg_r2": 0.09728035221451953
   }
  },
  "Factory B": {
   "n": 264,
   "xgb": {
    "eff_mae": 5.272692819653135,
    "eff_rmse": 7.840887054804142,
    "eff_r2": 0.836322493068024,
    "dhu_mae": 1.4819776816079109,
    "dhu_rmse": 2.8321108590613857,
    "dhu_r2": 0.6283969742286866,
    "avg_r2": 0.7323597336483553
   },
   "tabt": {
    "eff_mae": 6.885752025627701,
    "eff_rmse": 9.944155403195598,
    "eff_r2": 0.7367342215682011,
    "dhu_mae": 1.490574878522331,
    "dhu_rmse": 3.422300985608878,
    "dhu_r2": 0.4573808218064652,
    "avg_r2": 0.5970575216873332
   },
   "persistence": {
    "eff_mae": 6.12219696969697,
    "eff_rmse": 10.952420619399277,
    "eff_r2": 0.6806412397133862,
    "dhu_mae": 1.6523863636363638,
    "dhu_rmse": 3.837709968591986,
    "dhu_r2": 0.3176565238751644,
    "avg_r2": 0.4991488817942753
   }
  },
  "Factory A": {
   "n": 583,
   "xgb": {
    "eff_mae": 11.421086166277144,
    "eff_rmse": 15.091044877100172,
    "eff_r2": 0.4875585679430523,
    "dhu_mae": 2.040352236664316,
    "dhu_rmse": 3.460081055556306,
    "dhu_r2": 0.7534207413277545,
    "avg_r2": 0.6204896546354034
   },
   "tabt": {
    "eff_mae": 10.909396376003626,
    "eff_rmse": 15.658731024447802,
    "eff_r2": 0.44827997732660185,
    "dhu_mae": 1.9399274210117514,
    "dhu_rmse": 3.3758259359321947,
    "dhu_r2": 0.7652832458248425,
    "avg_r2": 0.6067816115757222
   },
   "persistence": {
    "eff_mae": 10.977821612349915,
    "eff_rmse": 17.340732617703797,
    "eff_r2": 0.32338674956703184,
    "dhu_mae": 2.093156089193825,
    "dhu_rmse": 3.7953962588349115,
    "dhu_r2": 0.7033131841529174,
    "avg_r2": 0.5133499668599746
   }
  }
 },
 "test_period": [
  "2026-01-04",
  "2026-01-13"
 ],
 "breach": {
  "10.0": {
   "positives": 231,
   "n": 1111,
   "models": {
    "xgb": {
     "precision": 0.8477366255144033,
     "recall": 0.8917748917748918,
     "f1": 0.869198312236287,
     "flagged": 243
    },
    "tabt": {
     "precision": 0.8687782805429864,
     "recall": 0.8311688311688312,
     "f1": 0.8495575221238938,
     "flagged": 221
    },
    "persistence": {
     "precision": 0.8099173553719008,
     "recall": 0.8484848484848485,
     "f1": 0.828752642706131,
     "flagged": 242
    },
    "ridge": {
     "precision": 0.8361344537815126,
     "recall": 0.8614718614718615,
     "f1": 0.8486140724946695
    }
   }
  },
  "15.0": {
   "positives": 123,
   "n": 1111,
   "models": {
    "xgb": {
     "precision": 0.7946428571428571,
     "recall": 0.7235772357723578,
     "f1": 0.7574468085106383,
     "flagged": 112
    },
    "tabt": {
     "precision": 0.9342105263157895,
     "recall": 0.5772357723577236,
     "f1": 0.7135678391959799,
     "flagged": 76
    },
    "persistence": {
     "precision": 0.8,
     "recall": 0.7804878048780488,
     "f1": 0.7901234567901234,
     "flagged": 120
    },
    "ridge": {
     "precision": 0.8979591836734694,
     "recall": 0.7154471544715447,
     "f1": 0.7963800904977375
    }
   }
  }
 },