model,eff_r2,dhu_r2,avg_r2,avg_r2_sd,n_params
CatBoost (ref.),0.8347289821910141,0.746433639660179,0.7905813109255966,0.0,
LightGBM (ref.),0.8345539050558021,0.7435557713774879,0.7890548382166449,0.0,
XGBoost (ref.),0.8295388298837079,0.7402810052649793,0.7849099175743436,0.0,
