{
 "baselines": [
  {
   "model": "TrainingMean",
   "eff_mae": 18.8507889383,
   "eff_rmse": 22.8449417634,
   "eff_r2": -0.0011507575,
   "dhu_mae": 5.0218101029,
   "dhu_rmse": 6.5117215928,
   "dhu_r2": -0.0467490431,
   "avg_r2": -0.0239499003
  },
  {
   "model": "Persistence",
   "eff_mae": 11.8999009901,
   "eff_rmse": 19.3536725258,
   "eff_r2": 0.2814679471,
   "dhu_mae": 1.6287758776,
   "dhu_rmse": 3.3633598215,
   "dhu_r2": 0.7207471668,
   "avg_r2": 0.501107557
  },
  {
   "model": "RollingMean7",
   "eff_mae": 13.650660066,
   "eff_rmse": 19.0083972033,
   "eff_r2": 0.30687691,
   "dhu_mae": 1.7434409155,
   "dhu_rmse": 3.2901387023,
   "dhu_r2": 0.7327736141,
   "avg_r2": 0.5198252621
  },
  {
   "model": "Ridge_a100",
   "eff_mae": 11.5754151579,
   "eff_rmse": 17.1313185569,
   "eff_r2": 0.4370096492,
   "dhu_mae": 1.6083040942,
   "dhu_rmse": 2.9561031207,
   "dhu_r2": 0.7842801627,
   "avg_r2": 0.6106449059
  }
 ],
 "bootstrap_ci_iid": {
  "lgbm": {
   "eff_r2": [
    0.44308052859133384,
    0.5552604260765666
   ],
   "dhu_r2": [
    0.7445140842163938,
    0.8372350365970134
   ],
   "avg_r2": [
    0.6095588980321187,
    0.6832617745021069
   ]
  },
  "xgb": {
   "eff_r2": [
    0.41671164063322164,
    0.5355476304373546
   ],
   "dhu_r2": [
    0.7317939125140589,
    0.8300598781784932
   ],
   "avg_r2": [
    0.5906504771412264,
    0.668524059025575
   ]
  },
  "ridge": {
   "eff_r2": [
    0.3738332714823054,
    0.5004709705620232
   ],
   "dhu_r2": [
    0.7230115123137528,
    0.8385052849669162
   ],
   "avg_r2": [
    0.564529395633977,
    0.6550247734079963
   ]
  },
  "tabt": {
   "eff_r2": [
    0.3535731509388308,
    0.4832047173525691
   ],
   "dhu_r2": [
    0.7056682030637274,
    0.8346969793187632
   ],
   "avg_r2": [
    0.5511809121247804,
    0.643052898178318
   ]
  },
  "rollmean": {
   "eff_r2": [
    0.23969011849807664,
    0.3754356321589758
   ],
   "dhu_r2": [
    0.6630927072874901,
    0.7924578362182682
   ],
   "avg_r2": [
    0.4694789912139218,
    0.5672649712037154
   ]
  },
  "persistence": {
   "eff_r2": [
    0.17422739323751069,
    0.3820293790733008
   ],
   "dhu_r2": [
    0.644693364880432,
    0.7899219851567281
   ],
   "avg_r2": [
    0.4368347633942076,
    0.5635311608438945
   ]
  }
 },
 "bootstrap_diffs_iid": {
  "lgbm-xgb_avg_r2": {
   "mean": 0.016936859790636236,
   "ci": [
    0.005424097691180352,
    0.028489350427827742
   ],
   "excl0": true
  },
  "xgb-tabt_avg_r2": {
   "mean": 0.03229696735632964,
   "ci": [
    0.005474382862350691,
    0.058911322593626636
   ],
   "excl0": true
  },
  "ridge-tabt_avg_r2": {
   "mean": 0.013058634449184257,
   "ci": [
    -0.0057750496455183375,
    0.03221287084855029
   ],
   "excl0": false
  },
  "ridge-xgb_avg_r2": {
   "mean": -0.019238332907145383,
   "ci": [
    -0.04230058304404105,
    0.0034924942457313923
   ],
   "excl0": false
  },
  "xgb-persistence_avg_r2": {
   "mean": 0.12859458793090645,
   "ci": [
    0.08753072758991554,
    0.17103319437950937
   ],
   "excl0": true
  },
  "tabt-rollmean_avg_r2": {
   "mean": 0.07794643187064222,
   "ci": [
    0.03956552403604252,
    0.11377034270346509
   ],
   "excl0": true
  },
  "rollmean-persistence_avg_r2": {
   "mean": 0.01835118870393459,
   "ci": [
    -0.03044059126561316,
    0.06934583409480977
   ],
   "excl0": false
  },
  "xgb-rollmean_avg_r2": {
   "mean": 0.11024339922697186,
   "ci": [
    0.06940236688358858,
    0.15038769480823716
   ],
   "excl0": true
  },
  "lgbm-xgb_eff_r2": {
   "mean": 0.02431393534941393,
   "ci": [
    0.005053424580461652,
    0.044666382840375496
   ],
   "excl0": true
  },
  "xgb-tabt_eff_r2": {
   "mean": 0.055278737476774795,
   "ci": [
    0.010111648415110364,
    0.10043083537840125
   ],
   "excl0": true
  },
  "ridge-tabt_eff_r2": {
   "mean": 0.016689308691128824,
   "ci": [
    -0.018556598244490408,
    0.05354996332817419
   ],
   "excl0": false
  },
  "ridge-xgb_eff_r2": {
   "mean": -0.03858942878564597,
   "ci": [
    -0.07508995229200432,
    -0.00011984801288655866
   ],
   "excl0": true
  },
  "xgb-persistence_eff_r2": {
   "mean": 0.19352962752622352,
   "ci": [
    0.12246025165907837,
    0.27071604984781206
   ],
   "excl0": true
  },
  "tabt-rollmean_eff_r2": {
   "mean": 0.11365882409248414,
   "ci": [
    0.049823650103319794,
    0.17604947930796977
   ],
   "excl0": true
  },
  "rollmean-persistence_eff_r2": {
   "mean": 0.02459206595696457,
   "ci": [
    -0.06087867751116616,
    0.11817251287703423
   ],
   "excl0": false
  },
  "xgb-rollmean_eff_r2": {
   "mean": 0.16893756156925896,
   "ci": [
    0.10483226900231146,
    0.23364811320586243
   ],
   "excl0": true
  },
  "lgbm-xgb_dhu_r2": {
   "mean": 0.009559784231858536,
   "ci": [
    -0.0013931155520825467,
    0.020244547281072167
   ],
   "excl0": false
  },
  "xgb-tabt_dhu_r2": {
   "mean": 0.009315197235884485,
   "ci": [
    -0.02013134445923992,
    0.039647809542528334
   ],
   "excl0": false
  },
  "ridge-tabt_dhu_r2": {
   "mean": 0.009427960207239686,
   "ci": [
    -0.004841026067163412,
    0.023806725046120247
   ],
   "excl0": false
  },
  "ridge-xgb_dhu_r2": {
   "mean": 0.00011276297135520024,
   "ci": [
    -0.021587699604587396,
    0.020778858981973736
   ],
   "excl0": false
  },
  "xgb-persistence_dhu_r2": {
   "mean": 0.06365954833558939,
   "ci": [
    0.02594691977531094,
    0.10376922841500502
   ],
   "excl0": true
  },
  "tabt-rollmean_dhu_r2": {
   "mean": 0.04223403964880029,
   "ci": [
    0.0077116247608294275,
    0.07831073671918609
   ],
   "excl0": true
  },
  "rollmean-persistence_dhu_r2": {
   "mean": 0.012110311450904604,
   "ci": [
    -0.028980756960999998,
    0.054081471492254396
   ],
   "excl0": false
  },
  "xgb-rollmean_dhu_r2": {
   "mean": 0.051549236884684775,
   "ci": [
    0.014124042383295232,
    0.09059429535495689
   ],
   "excl0": true
  }
 },
 "bootstrap_ci_cluster_line": {
  "lgbm": {
   "eff_r2": [
    0.4141285061435025,
    0.5792117430606514
   ],
   "dhu_r2": [
    0.7312468224142352,
    0.8413987897743829
   ],
   "avg_r2": [
    0.5959200021145048,
    0.6919422067583316
   ]
  },
  "xgb": {
   "eff_r2": [
    0.37870304510024466,
    0.5605849879987161
   ],
   "dhu_r2": [
    0.7260499741103874,
    0.832447968567301
   ],
   "avg_r2": [
    0.5742054094120104,
    0.6771513899727656
   ]
  },
  "ridge": {
   "eff_r2": [
    0.3462346660828758,
    0.5137576538435042
   ],
   "dhu_r2": [
    0.7133675255007075,
    0.8400411423107396
   ],
   "avg_r2": [
    0.5522604733226488,
    0.6606524896373931
   ]
  },
  "tabt": {
   "eff_r2": [
    0.32410899940475313,
    0.5064348480854093
   ],
   "dhu_r2": [
    0.6959822672260867,
    0.8364128555727165
   ],
   "avg_r2": [
    0.5403320442947588,
    0.6469833695889398
   ]
  },
  "rollmean": {
   "eff_r2": [
    0.20135600083761018,
    0.39598889158301165
   ],
   "dhu_r2": [
    0.6419410205775253,
    0.8088079223984106
   ],
   "avg_r2": [
    0.45191764410283936,
    0.5766852028110839
   ]
  },
  "persistence": {
   "eff_r2": [
    0.13621013518802605,
    0.4128287333473454
   ],
   "dhu_r2": [
    0.6223856568239754,
    0.7972995244690779
   ],
   "avg_r2": [
    0.4215070046003243,
    0.5709182052418824
   ]
  }
 },
 "bootstrap_diffs_cluster_line": {
  "lgbm-xgb_avg_r2": {
   "mean": 0.016511833651754106,
   "ci": [
    0.00442236579948696,
    0.029579983060788462
   ],
   "excl0": true
  },
  "xgb-tabt_avg_r2": {
   "mean": 0.033190388207189114,
   "ci": [
    0.005582347748847805,
    0.06131197300628011
   ],
   "excl0": true
  },
  "ridge-tabt_avg_r2": {
   "mean": 0.013068943100380459,
   "ci": [
    -0.0082222473171355,
    0.03584167728871113
   ],
   "excl0": false
  },
  "ridge-xgb_avg_r2": {
   "mean": -0.020121445106808664,
   "ci": [
    -0.04462492373078275,
    0.004951821229457476
   ],
   "excl0": false
  },
  "xgb-persistence_avg_r2": {
   "mean": 0.13000883673992267,